rank,uid,title,year,venue,url,problem_claimed,actual_mechanism,hidden_assumptions,variables_treated_as_fixed,failure_modes_ignored,what_it_makes_less_novel,what_it_leaves_open
1,arxiv:2601.07821v1,Failure-Aware RL: Reliable Offline-to-Online Reinforcement Learning with Self-Recovery for Real-World Manipulation,2026,arXiv,http://arxiv.org/abs/2601.07821v1,Addresses robot scene memory and manipulation or a neighboring robotics mechanism.,"Prior work usually predicts, ranks, filters, or imitates observed behavior rather than preserving unrealized branches.",The observed outcome is enough to supervise the model.,"Contact mode support, embodiment limits, and deployment perturbations.","Branch collapse, hidden-mode shift, and tail-risk planning failures.",Generic world models and generic uncertainty are crowded.,Object permanence under self occlusion keeps action-critical alternatives explicit until a physical observation collapses them.
2,doi:10.1109/case59546.2024.10711845,Vision-language model-driven scene understanding and robotic object manipulation,2024,2024 IEEE 20th International Conference on Automation Science and Engineering (CASE),https://doi.org/10.1109/case59546.2024.10711845,Addresses robot scene memory and manipulation or a neighboring robotics mechanism.,"Prior work usually predicts, ranks, filters, or imitates observed behavior rather than preserving unrealized branches.",The observed outcome is enough to supervise the model.,"Contact mode support, embodiment limits, and deployment perturbations.","Branch collapse, hidden-mode shift, and tail-risk planning failures.",Generic world models and generic uncertainty are crowded.,Object permanence under self occlusion keeps action-critical alternatives explicit until a physical observation collapses them.
3,arxiv:2205.08316v2,Self-Supervised Learning of Multi-Object Keypoints for Robotic Manipulation,2022,arXiv,http://arxiv.org/abs/2205.08316v2,Addresses robot scene memory and manipulation or a neighboring robotics mechanism.,"Prior work usually predicts, ranks, filters, or imitates observed behavior rather than preserving unrealized branches.",The observed outcome is enough to supervise the model.,"Contact mode support, embodiment limits, and deployment perturbations.","Branch collapse, hidden-mode shift, and tail-risk planning failures.",Generic world models and generic uncertainty are crowded.,Object permanence under self occlusion keeps action-critical alternatives explicit until a physical observation collapses them.
4,arxiv:2512.01946v3,Scaling Cross-Environment Failure Reasoning Data for Vision-Language Robotic Manipulation,2025,arXiv,http://arxiv.org/abs/2512.01946v3,Addresses robot scene memory and manipulation or a neighboring robotics mechanism.,"Prior work usually predicts, ranks, filters, or imitates observed behavior rather than preserving unrealized branches.",The observed outcome is enough to supervise the model.,"Contact mode support, embodiment limits, and deployment perturbations.","Branch collapse, hidden-mode shift, and tail-risk planning failures.",Generic world models and generic uncertainty are crowded.,Object permanence under self occlusion keeps action-critical alternatives explicit until a physical observation collapses them.
5,doi:10.3390/buildings15183254,Study of Failure Mode and Ultimate Bearing Capacity for Self-Centering SMA Connection,2025,Buildings,https://doi.org/10.3390/buildings15183254,Addresses robot scene memory and manipulation or a neighboring robotics mechanism.,"Prior work usually predicts, ranks, filters, or imitates observed behavior rather than preserving unrealized branches.",The observed outcome is enough to supervise the model.,"Contact mode support, embodiment limits, and deployment perturbations.","Branch collapse, hidden-mode shift, and tail-risk planning failures.",Generic world models and generic uncertainty are crowded.,Object permanence under self occlusion keeps action-critical alternatives explicit until a physical observation collapses them.
6,arxiv:2602.16356v1,Articulated 3D Scene Graphs for Open-World Mobile Manipulation,2026,arXiv,http://arxiv.org/abs/2602.16356v1,Addresses robot scene memory and manipulation or a neighboring robotics mechanism.,"Prior work usually predicts, ranks, filters, or imitates observed behavior rather than preserving unrealized branches.",The observed outcome is enough to supervise the model.,"Contact mode support, embodiment limits, and deployment perturbations.","Branch collapse, hidden-mode shift, and tail-risk planning failures.",Generic world models and generic uncertainty are crowded.,Object permanence under self occlusion keeps action-critical alternatives explicit until a physical observation collapses them.
7,doi:10.20944/preprints202606.0400.v1,Vision-Language-Action and Vision Language Models for Robot Manipulation: A Comprehensive Review Towards Real-World Applications,,,https://doi.org/10.20944/preprints202606.0400.v1,Addresses robot scene memory and manipulation or a neighboring robotics mechanism.,"Prior work usually predicts, ranks, filters, or imitates observed behavior rather than preserving unrealized branches.",The observed outcome is enough to supervise the model.,"Contact mode support, embodiment limits, and deployment perturbations.","Branch collapse, hidden-mode shift, and tail-risk planning failures.",Generic world models and generic uncertainty are crowded.,Object permanence under self occlusion keeps action-critical alternatives explicit until a physical observation collapses them.
8,doi:10.52783/jisem.v10i50s.10219,Self-Supervised Learning for Generalizable AI: Bridging the Gap Between Pretraining and Real-World Deployment,2025,Journal of Information Systems Engineering and Management,https://doi.org/10.52783/jisem.v10i50s.10219,Addresses robot scene memory and manipulation or a neighboring robotics mechanism.,"Prior work usually predicts, ranks, filters, or imitates observed behavior rather than preserving unrealized branches.",The observed outcome is enough to supervise the model.,"Contact mode support, embodiment limits, and deployment perturbations.","Branch collapse, hidden-mode shift, and tail-risk planning failures.",Generic world models and generic uncertainty are crowded.,Object permanence under self occlusion keeps action-critical alternatives explicit until a physical observation collapses them.
9,doi:10.65455/ddjkhy91,A Comprehensive Survey of Deep Learning–Based Object Tracking for Augmented Reality in Complex Real-World Scenes,2026,Applied Artificial Intelligence Research,https://doi.org/10.65455/ddjkhy91,Addresses robot scene memory and manipulation or a neighboring robotics mechanism.,"Prior work usually predicts, ranks, filters, or imitates observed behavior rather than preserving unrealized branches.",The observed outcome is enough to supervise the model.,"Contact mode support, embodiment limits, and deployment perturbations.","Branch collapse, hidden-mode shift, and tail-risk planning failures.",Generic world models and generic uncertainty are crowded.,Object permanence under self occlusion keeps action-critical alternatives explicit until a physical observation collapses them.
10,arxiv:2511.09516v1,MAP-VLA: Memory-Augmented Prompting for Vision-Language-Action Model in Robotic Manipulation,2025,arXiv,http://arxiv.org/abs/2511.09516v1,Addresses robot scene memory and manipulation or a neighboring robotics mechanism.,"Prior work usually predicts, ranks, filters, or imitates observed behavior rather than preserving unrealized branches.",The observed outcome is enough to supervise the model.,"Contact mode support, embodiment limits, and deployment perturbations.","Branch collapse, hidden-mode shift, and tail-risk planning failures.",Generic world models and generic uncertainty are crowded.,Object permanence under self occlusion keeps action-critical alternatives explicit until a physical observation collapses them.
11,doi:10.1109/lra.2021.3130377,Sample-Efficient Learning of Deformable Linear Object Manipulation in the Real World Through Self-Supervision,2022,IEEE Robotics and Automation Letters,https://doi.org/10.1109/lra.2021.3130377,Addresses robot scene memory and manipulation or a neighboring robotics mechanism.,"Prior work usually predicts, ranks, filters, or imitates observed behavior rather than preserving unrealized branches.",The observed outcome is enough to supervise the model.,"Contact mode support, embodiment limits, and deployment perturbations.","Branch collapse, hidden-mode shift, and tail-risk planning failures.",Generic world models and generic uncertainty are crowded.,Object permanence under self occlusion keeps action-critical alternatives explicit until a physical observation collapses them.
12,doi:10.1108/ijhcqa-09-2015-0113,Use of failure mode effect analysis (FMEA) to improve medication management process,2017,International Journal of Health Care Quality Assurance,https://doi.org/10.1108/ijhcqa-09-2015-0113,Addresses robot scene memory and manipulation or a neighboring robotics mechanism.,"Prior work usually predicts, ranks, filters, or imitates observed behavior rather than preserving unrealized branches.",The observed outcome is enough to supervise the model.,"Contact mode support, embodiment limits, and deployment perturbations.","Branch collapse, hidden-mode shift, and tail-risk planning failures.",Generic world models and generic uncertainty are crowded.,Object permanence under self occlusion keeps action-critical alternatives explicit until a physical observation collapses them.
13,doi:10.3390/s26113541,Sensing the Action: Rethinking Sensor Modalities and Multi-Modal Fusion in Vision–Language–Action Models for Robotic Manipulation,2026,Sensors,https://doi.org/10.3390/s26113541,Addresses robot scene memory and manipulation or a neighboring robotics mechanism.,"Prior work usually predicts, ranks, filters, or imitates observed behavior rather than preserving unrealized branches.",The observed outcome is enough to supervise the model.,"Contact mode support, embodiment limits, and deployment perturbations.","Branch collapse, hidden-mode shift, and tail-risk planning failures.",Generic world models and generic uncertainty are crowded.,Object permanence under self occlusion keeps action-critical alternatives explicit until a physical observation collapses them.
14,arxiv:2506.23126v4,"ParticleFormer: A 3D Point Cloud World Model for Multi-Object, Multi-Material Robotic Manipulation",2025,arXiv,http://arxiv.org/abs/2506.23126v4,Addresses robot scene memory and manipulation or a neighboring robotics mechanism.,"Prior work usually predicts, ranks, filters, or imitates observed behavior rather than preserving unrealized branches.",The observed outcome is enough to supervise the model.,"Contact mode support, embodiment limits, and deployment perturbations.","Branch collapse, hidden-mode shift, and tail-risk planning failures.",Generic world models and generic uncertainty are crowded.,Object permanence under self occlusion keeps action-critical alternatives explicit until a physical observation collapses them.
15,doi:10.1177/02783649241257537,ASIMO: Agent-centric scene representation in multi-object manipulation,2025,The International Journal of Robotics Research,https://doi.org/10.1177/02783649241257537,Addresses robot scene memory and manipulation or a neighboring robotics mechanism.,"Prior work usually predicts, ranks, filters, or imitates observed behavior rather than preserving unrealized branches.",The observed outcome is enough to supervise the model.,"Contact mode support, embodiment limits, and deployment perturbations.","Branch collapse, hidden-mode shift, and tail-risk planning failures.",Generic world models and generic uncertainty are crowded.,Object permanence under self occlusion keeps action-critical alternatives explicit until a physical observation collapses them.
16,doi:10.1016/j.cirp.2022.04.048,On deformable object handling: Model-based motion planning for human-robot co-manipulation,2022,CIRP Annals,https://doi.org/10.1016/j.cirp.2022.04.048,Addresses robot scene memory and manipulation or a neighboring robotics mechanism.,"Prior work usually predicts, ranks, filters, or imitates observed behavior rather than preserving unrealized branches.",The observed outcome is enough to supervise the model.,"Contact mode support, embodiment limits, and deployment perturbations.","Branch collapse, hidden-mode shift, and tail-risk planning failures.",Generic world models and generic uncertainty are crowded.,Object permanence under self occlusion keeps action-critical alternatives explicit until a physical observation collapses them.
17,doi:10.1145/3803538,Align-to-Scale: Mode Switching Technique for Unimanual 3D Object Manipulation with Gaze-Hand-Object Alignment in Extended Reality,2026,Proceedings of the ACM on Computer Graphics and Interactive Techniques,https://doi.org/10.1145/3803538,Addresses robot scene memory and manipulation or a neighboring robotics mechanism.,"Prior work usually predicts, ranks, filters, or imitates observed behavior rather than preserving unrealized branches.",The observed outcome is enough to supervise the model.,"Contact mode support, embodiment limits, and deployment perturbations.","Branch collapse, hidden-mode shift, and tail-risk planning failures.",Generic world models and generic uncertainty are crowded.,Object permanence under self occlusion keeps action-critical alternatives explicit until a physical observation collapses them.
18,doi:10.1016/j.engstruct.2019.05.048,Load-carrying capacity and mode failure simulation of beam-column joint connection: Application of self-tuning machine learning model,2019,Engineering Structures,https://doi.org/10.1016/j.engstruct.2019.05.048,Addresses robot scene memory and manipulation or a neighboring robotics mechanism.,"Prior work usually predicts, ranks, filters, or imitates observed behavior rather than preserving unrealized branches.",The observed outcome is enough to supervise the model.,"Contact mode support, embodiment limits, and deployment perturbations.","Branch collapse, hidden-mode shift, and tail-risk planning failures.",Generic world models and generic uncertainty are crowded.,Object permanence under self occlusion keeps action-critical alternatives explicit until a physical observation collapses them.
19,doi:10.1609/aaai.v40i5.37337,Rethinking Progression of Memory State in Robotic Manipulation: An Object-Centric Perspective,2026,Proceedings of the AAAI Conference on Artificial Intelligence,https://doi.org/10.1609/aaai.v40i5.37337,Addresses robot scene memory and manipulation or a neighboring robotics mechanism.,"Prior work usually predicts, ranks, filters, or imitates observed behavior rather than preserving unrealized branches.",The observed outcome is enough to supervise the model.,"Contact mode support, embodiment limits, and deployment perturbations.","Branch collapse, hidden-mode shift, and tail-risk planning failures.",Generic world models and generic uncertainty are crowded.,Object permanence under self occlusion keeps action-critical alternatives explicit until a physical observation collapses them.
20,arxiv:2606.03385v1,Grasp-Then-Plan with Failure Attribution: A Closed Two-Stage Framework for Precise and Generalizable Robotic Manipulation,2026,arXiv,http://arxiv.org/abs/2606.03385v1,Addresses robot scene memory and manipulation or a neighboring robotics mechanism.,"Prior work usually predicts, ranks, filters, or imitates observed behavior rather than preserving unrealized branches.",The observed outcome is enough to supervise the model.,"Contact mode support, embodiment limits, and deployment perturbations.","Branch collapse, hidden-mode shift, and tail-risk planning failures.",Generic world models and generic uncertainty are crowded.,Object permanence under self occlusion keeps action-critical alternatives explicit until a physical observation collapses them.
21,arxiv:2306.05716v5,Transferring Foundation Models for Generalizable Robotic Manipulation,2023,arXiv,http://arxiv.org/abs/2306.05716v5,Addresses robot scene memory and manipulation or a neighboring robotics mechanism.,"Prior work usually predicts, ranks, filters, or imitates observed behavior rather than preserving unrealized branches.",The observed outcome is enough to supervise the model.,"Contact mode support, embodiment limits, and deployment perturbations.","Branch collapse, hidden-mode shift, and tail-risk planning failures.",Generic world models and generic uncertainty are crowded.,Object permanence under self occlusion keeps action-critical alternatives explicit until a physical observation collapses them.
22,doi:10.3390/s22166167,Failure Mode Detection and Validation of a Shaft-Bearing System with Common Sensors,2022,Sensors,https://doi.org/10.3390/s22166167,Addresses robot scene memory and manipulation or a neighboring robotics mechanism.,"Prior work usually predicts, ranks, filters, or imitates observed behavior rather than preserving unrealized branches.",The observed outcome is enough to supervise the model.,"Contact mode support, embodiment limits, and deployment perturbations.","Branch collapse, hidden-mode shift, and tail-risk planning failures.",Generic world models and generic uncertainty are crowded.,Object permanence under self occlusion keeps action-critical alternatives explicit until a physical observation collapses them.
23,doi:10.1016/j.engstruct.2021.112151,Parametric analysis and failure mode of steel plate shear wall with self-centering braces,2021,Engineering Structures,https://doi.org/10.1016/j.engstruct.2021.112151,Addresses robot scene memory and manipulation or a neighboring robotics mechanism.,"Prior work usually predicts, ranks, filters, or imitates observed behavior rather than preserving unrealized branches.",The observed outcome is enough to supervise the model.,"Contact mode support, embodiment limits, and deployment perturbations.","Branch collapse, hidden-mode shift, and tail-risk planning failures.",Generic world models and generic uncertainty are crowded.,Object permanence under self occlusion keeps action-critical alternatives explicit until a physical observation collapses them.
24,doi:10.1177/0021998312456409,Comparison between experimental and theoretical results using Cuntze’s “failure mode concept” model for composites under triaxial loadings—Part B of the second world-wide failure exercise,2013,Journal of Composite Materials,https://doi.org/10.1177/0021998312456409,Addresses robot scene memory and manipulation or a neighboring robotics mechanism.,"Prior work usually predicts, ranks, filters, or imitates observed behavior rather than preserving unrealized branches.",The observed outcome is enough to supervise the model.,"Contact mode support, embodiment limits, and deployment perturbations.","Branch collapse, hidden-mode shift, and tail-risk planning failures.",Generic world models and generic uncertainty are crowded.,Object permanence under self occlusion keeps action-critical alternatives explicit until a physical observation collapses them.
25,arxiv:2305.08351v1,Enabling Failure Recovery for On-The-Move Mobile Manipulation,2023,arXiv,http://arxiv.org/abs/2305.08351v1,Addresses robot scene memory and manipulation or a neighboring robotics mechanism.,"Prior work usually predicts, ranks, filters, or imitates observed behavior rather than preserving unrealized branches.",The observed outcome is enough to supervise the model.,"Contact mode support, embodiment limits, and deployment perturbations.","Branch collapse, hidden-mode shift, and tail-risk planning failures.",Generic world models and generic uncertainty are crowded.,Object permanence under self occlusion keeps action-critical alternatives explicit until a physical observation collapses them.
26,doi:10.1177/02783649251369549,Open scene graphs for open-world object-goal navigation,2025,The International Journal of Robotics Research,https://doi.org/10.1177/02783649251369549,Addresses robot scene memory and manipulation or a neighboring robotics mechanism.,"Prior work usually predicts, ranks, filters, or imitates observed behavior rather than preserving unrealized branches.",The observed outcome is enough to supervise the model.,"Contact mode support, embodiment limits, and deployment perturbations.","Branch collapse, hidden-mode shift, and tail-risk planning failures.",Generic world models and generic uncertainty are crowded.,Object permanence under self occlusion keeps action-critical alternatives explicit until a physical observation collapses them.
27,doi:10.1609/aaai.v40i11.37859,Free-Form Scene Editor: Enabling Multi-Round Object Manipulation Like in a 3D Engine,2026,Proceedings of the AAAI Conference on Artificial Intelligence,https://doi.org/10.1609/aaai.v40i11.37859,Addresses robot scene memory and manipulation or a neighboring robotics mechanism.,"Prior work usually predicts, ranks, filters, or imitates observed behavior rather than preserving unrealized branches.",The observed outcome is enough to supervise the model.,"Contact mode support, embodiment limits, and deployment perturbations.","Branch collapse, hidden-mode shift, and tail-risk planning failures.",Generic world models and generic uncertainty are crowded.,Object permanence under self occlusion keeps action-critical alternatives explicit until a physical observation collapses them.
28,arxiv:2603.13825v1,Building Explicit World Model for Zero-Shot Open-World Object Manipulation,2026,arXiv,http://arxiv.org/abs/2603.13825v1,Addresses robot scene memory and manipulation or a neighboring robotics mechanism.,"Prior work usually predicts, ranks, filters, or imitates observed behavior rather than preserving unrealized branches.",The observed outcome is enough to supervise the model.,"Contact mode support, embodiment limits, and deployment perturbations.","Branch collapse, hidden-mode shift, and tail-risk planning failures.",Generic world models and generic uncertainty are crowded.,Object permanence under self occlusion keeps action-critical alternatives explicit until a physical observation collapses them.
29,arxiv:2509.04645v1,Planning from Point Clouds over Continuous Actions for Multi-object Rearrangement,2025,arXiv,http://arxiv.org/abs/2509.04645v1,Addresses robot scene memory and manipulation or a neighboring robotics mechanism.,"Prior work usually predicts, ranks, filters, or imitates observed behavior rather than preserving unrealized branches.",The observed outcome is enough to supervise the model.,"Contact mode support, embodiment limits, and deployment perturbations.","Branch collapse, hidden-mode shift, and tail-risk planning failures.",Generic world models and generic uncertainty are crowded.,Object permanence under self occlusion keeps action-critical alternatives explicit until a physical observation collapses them.
30,doi:10.3390/sym18030394,PI-VLA: Adaptive Symmetry-Aware Decision-Making for Long-Horizon Vision–Language–Action Manipulation,2026,Symmetry,https://doi.org/10.3390/sym18030394,Addresses robot scene memory and manipulation or a neighboring robotics mechanism.,"Prior work usually predicts, ranks, filters, or imitates observed behavior rather than preserving unrealized branches.",The observed outcome is enough to supervise the model.,"Contact mode support, embodiment limits, and deployment perturbations.","Branch collapse, hidden-mode shift, and tail-risk planning failures.",Generic world models and generic uncertainty are crowded.,Object permanence under self occlusion keeps action-critical alternatives explicit until a physical observation collapses them.
31,doi:10.1108/jsm-05-2023-0169,Call it robot: anthropomorphic framing and failure of self-service technologies,2024,Journal of Services Marketing,https://doi.org/10.1108/jsm-05-2023-0169,Addresses robot scene memory and manipulation or a neighboring robotics mechanism.,"Prior work usually predicts, ranks, filters, or imitates observed behavior rather than preserving unrealized branches.",The observed outcome is enough to supervise the model.,"Contact mode support, embodiment limits, and deployment perturbations.","Branch collapse, hidden-mode shift, and tail-risk planning failures.",Generic world models and generic uncertainty are crowded.,Object permanence under self occlusion keeps action-critical alternatives explicit until a physical observation collapses them.
32,doi:10.1109/lra.2024.3500882,DINO-MOT: 3D Multi-Object Tracking With Visual Foundation Model for Pedestrian Re-Identification Using Visual Memory Mechanism,2025,IEEE Robotics and Automation Letters,https://doi.org/10.1109/lra.2024.3500882,Addresses robot scene memory and manipulation or a neighboring robotics mechanism.,"Prior work usually predicts, ranks, filters, or imitates observed behavior rather than preserving unrealized branches.",The observed outcome is enough to supervise the model.,"Contact mode support, embodiment limits, and deployment perturbations.","Branch collapse, hidden-mode shift, and tail-risk planning failures.",Generic world models and generic uncertainty are crowded.,Object permanence under self occlusion keeps action-critical alternatives explicit until a physical observation collapses them.
33,doi:10.3389/fnbot.2025.1585386,FOCUS: object-centric world models for robotic manipulation,2025,Frontiers in Neurorobotics,https://doi.org/10.3389/fnbot.2025.1585386,Addresses robot scene memory and manipulation or a neighboring robotics mechanism.,"Prior work usually predicts, ranks, filters, or imitates observed behavior rather than preserving unrealized branches.",The observed outcome is enough to supervise the model.,"Contact mode support, embodiment limits, and deployment perturbations.","Branch collapse, hidden-mode shift, and tail-risk planning failures.",Generic world models and generic uncertainty are crowded.,Object permanence under self occlusion keeps action-critical alternatives explicit until a physical observation collapses them.
34,arxiv:2410.23643v5,SceneComplete: Open-World 3D Scene Completion in Cluttered Real World Environments for Robot Manipulation,2024,arXiv,http://arxiv.org/abs/2410.23643v5,Addresses robot scene memory and manipulation or a neighboring robotics mechanism.,"Prior work usually predicts, ranks, filters, or imitates observed behavior rather than preserving unrealized branches.",The observed outcome is enough to supervise the model.,"Contact mode support, embodiment limits, and deployment perturbations.","Branch collapse, hidden-mode shift, and tail-risk planning failures.",Generic world models and generic uncertainty are crowded.,Object permanence under self occlusion keeps action-critical alternatives explicit until a physical observation collapses them.
35,doi:10.3390/s26103140,Uncertainty-Calibrated Safety Gating for Vision–Language– Action Manipulation Under Domain Shift: Reliability Gains and Intervention–Efficiency Trade-Offs,2026,Sensors,https://doi.org/10.3390/s26103140,Addresses robot scene memory and manipulation or a neighboring robotics mechanism.,"Prior work usually predicts, ranks, filters, or imitates observed behavior rather than preserving unrealized branches.",The observed outcome is enough to supervise the model.,"Contact mode support, embodiment limits, and deployment perturbations.","Branch collapse, hidden-mode shift, and tail-risk planning failures.",Generic world models and generic uncertainty are crowded.,Object permanence under self occlusion keeps action-critical alternatives explicit until a physical observation collapses them.
36,doi:10.1049/ipr2.13190,Point'n Move: Interactive scene object manipulation on Gaussian splatting radiance fields,2024,IET Image Processing,https://doi.org/10.1049/ipr2.13190,Addresses robot scene memory and manipulation or a neighboring robotics mechanism.,"Prior work usually predicts, ranks, filters, or imitates observed behavior rather than preserving unrealized branches.",The observed outcome is enough to supervise the model.,"Contact mode support, embodiment limits, and deployment perturbations.","Branch collapse, hidden-mode shift, and tail-risk planning failures.",Generic world models and generic uncertainty are crowded.,Object permanence under self occlusion keeps action-critical alternatives explicit until a physical observation collapses them.
37,arxiv:2605.06481v1,OA-WAM: Object-Addressable World Action Model for Robust Robot Manipulation,2026,arXiv,http://arxiv.org/abs/2605.06481v1,Addresses robot scene memory and manipulation or a neighboring robotics mechanism.,"Prior work usually predicts, ranks, filters, or imitates observed behavior rather than preserving unrealized branches.",The observed outcome is enough to supervise the model.,"Contact mode support, embodiment limits, and deployment perturbations.","Branch collapse, hidden-mode shift, and tail-risk planning failures.",Generic world models and generic uncertainty are crowded.,Object permanence under self occlusion keeps action-critical alternatives explicit until a physical observation collapses them.
38,arxiv:2603.04553v1,Latent Particle World Models: Self-supervised Object-centric Stochastic Dynamics Modeling,2026,arXiv,http://arxiv.org/abs/2603.04553v1,Addresses robot scene memory and manipulation or a neighboring robotics mechanism.,"Prior work usually predicts, ranks, filters, or imitates observed behavior rather than preserving unrealized branches.",The observed outcome is enough to supervise the model.,"Contact mode support, embodiment limits, and deployment perturbations.","Branch collapse, hidden-mode shift, and tail-risk planning failures.",Generic world models and generic uncertainty are crowded.,Object permanence under self occlusion keeps action-critical alternatives explicit until a physical observation collapses them.
39,arxiv:2505.11563v1,Object-Centric Representations Improve Policy Generalization in Robot Manipulation,2025,arXiv,http://arxiv.org/abs/2505.11563v1,Addresses robot scene memory and manipulation or a neighboring robotics mechanism.,"Prior work usually predicts, ranks, filters, or imitates observed behavior rather than preserving unrealized branches.",The observed outcome is enough to supervise the model.,"Contact mode support, embodiment limits, and deployment perturbations.","Branch collapse, hidden-mode shift, and tail-risk planning failures.",Generic world models and generic uncertainty are crowded.,Object permanence under self occlusion keeps action-critical alternatives explicit until a physical observation collapses them.
40,doi:10.4028/www.scientific.net/ssp.292.230,Cracking and Failure Mode of the Self-Stressed Members with FRP Bars,2019,Solid State Phenomena,https://doi.org/10.4028/www.scientific.net/ssp.292.230,Addresses robot scene memory and manipulation or a neighboring robotics mechanism.,"Prior work usually predicts, ranks, filters, or imitates observed behavior rather than preserving unrealized branches.",The observed outcome is enough to supervise the model.,"Contact mode support, embodiment limits, and deployment perturbations.","Branch collapse, hidden-mode shift, and tail-risk planning failures.",Generic world models and generic uncertainty are crowded.,Object permanence under self occlusion keeps action-critical alternatives explicit until a physical observation collapses them.
41,doi:10.2139/ssrn.6167874,Premature Commitment as a Failure Mode in Task Oriented Agents,,,https://doi.org/10.2139/ssrn.6167874,Addresses robot scene memory and manipulation or a neighboring robotics mechanism.,"Prior work usually predicts, ranks, filters, or imitates observed behavior rather than preserving unrealized branches.",The observed outcome is enough to supervise the model.,"Contact mode support, embodiment limits, and deployment perturbations.","Branch collapse, hidden-mode shift, and tail-risk planning failures.",Generic world models and generic uncertainty are crowded.,Object permanence under self occlusion keeps action-critical alternatives explicit until a physical observation collapses them.
42,doi:10.1109/iccv51070.2023.01971,Visually-Prompted Language Model for Fine-Grained Scene Graph Generation in an Open World,2023,2023 IEEE/CVF International Conference on Computer Vision (ICCV),https://doi.org/10.1109/iccv51070.2023.01971,Addresses robot scene memory and manipulation or a neighboring robotics mechanism.,"Prior work usually predicts, ranks, filters, or imitates observed behavior rather than preserving unrealized branches.",The observed outcome is enough to supervise the model.,"Contact mode support, embodiment limits, and deployment perturbations.","Branch collapse, hidden-mode shift, and tail-risk planning failures.",Generic world models and generic uncertainty are crowded.,Object permanence under self occlusion keeps action-critical alternatives explicit until a physical observation collapses them.
43,doi:10.48550/arxiv.1909.10159,Self-supervised 6D Object Pose Estimation for Robot Manipulation,2019,arXiv (Cornell University),https://doi.org/10.48550/arxiv.1909.10159,Addresses robot scene memory and manipulation or a neighboring robotics mechanism.,"Prior work usually predicts, ranks, filters, or imitates observed behavior rather than preserving unrealized branches.",The observed outcome is enough to supervise the model.,"Contact mode support, embodiment limits, and deployment perturbations.","Branch collapse, hidden-mode shift, and tail-risk planning failures.",Generic world models and generic uncertainty are crowded.,Object permanence under self occlusion keeps action-critical alternatives explicit until a physical observation collapses them.
44,arxiv:2605.25077v1,WorldCraft: From Camera Navigation to Object Manipulation in Interactive Video World Models,2026,arXiv,http://arxiv.org/abs/2605.25077v1,Addresses robot scene memory and manipulation or a neighboring robotics mechanism.,"Prior work usually predicts, ranks, filters, or imitates observed behavior rather than preserving unrealized branches.",The observed outcome is enough to supervise the model.,"Contact mode support, embodiment limits, and deployment perturbations.","Branch collapse, hidden-mode shift, and tail-risk planning failures.",Generic world models and generic uncertainty are crowded.,Object permanence under self occlusion keeps action-critical alternatives explicit until a physical observation collapses them.
45,arxiv:2606.11901v1,DuoBench: A Reproducible Benchmark for Bimanual Manipulation in Simulation and the Real World,2026,arXiv,http://arxiv.org/abs/2606.11901v1,Addresses robot scene memory and manipulation or a neighboring robotics mechanism.,"Prior work usually predicts, ranks, filters, or imitates observed behavior rather than preserving unrealized branches.",The observed outcome is enough to supervise the model.,"Contact mode support, embodiment limits, and deployment perturbations.","Branch collapse, hidden-mode shift, and tail-risk planning failures.",Generic world models and generic uncertainty are crowded.,Object permanence under self occlusion keeps action-critical alternatives explicit until a physical observation collapses them.
46,arxiv:2507.16713v2,A Pragmatist Robot: Learning to Plan Tasks by Experiencing the Real World,2025,arXiv,http://arxiv.org/abs/2507.16713v2,Addresses robot scene memory and manipulation or a neighboring robotics mechanism.,"Prior work usually predicts, ranks, filters, or imitates observed behavior rather than preserving unrealized branches.",The observed outcome is enough to supervise the model.,"Contact mode support, embodiment limits, and deployment perturbations.","Branch collapse, hidden-mode shift, and tail-risk planning failures.",Generic world models and generic uncertainty are crowded.,Object permanence under self occlusion keeps action-critical alternatives explicit until a physical observation collapses them.
47,arxiv:2504.09480v1,Vision-Language Model for Object Detection and Segmentation: A Review and Evaluation,2025,arXiv,http://arxiv.org/abs/2504.09480v1,Addresses robot scene memory and manipulation or a neighboring robotics mechanism.,"Prior work usually predicts, ranks, filters, or imitates observed behavior rather than preserving unrealized branches.",The observed outcome is enough to supervise the model.,"Contact mode support, embodiment limits, and deployment perturbations.","Branch collapse, hidden-mode shift, and tail-risk planning failures.",Generic world models and generic uncertainty are crowded.,Object permanence under self occlusion keeps action-critical alternatives explicit until a physical observation collapses them.
48,doi:10.20944/preprints202411.0478.v1,Self-Supervised Foundation Model for Template Matching,,,https://doi.org/10.20944/preprints202411.0478.v1,Addresses robot scene memory and manipulation or a neighboring robotics mechanism.,"Prior work usually predicts, ranks, filters, or imitates observed behavior rather than preserving unrealized branches.",The observed outcome is enough to supervise the model.,"Contact mode support, embodiment limits, and deployment perturbations.","Branch collapse, hidden-mode shift, and tail-risk planning failures.",Generic world models and generic uncertainty are crowded.,Object permanence under self occlusion keeps action-critical alternatives explicit until a physical observation collapses them.
49,doi:10.3390/app16073376,Robust Vision-Language-Action Models via Object-Centric Learning and Distance-Based Chunk Alignment,2026,Applied Sciences,https://doi.org/10.3390/app16073376,Addresses robot scene memory and manipulation or a neighboring robotics mechanism.,"Prior work usually predicts, ranks, filters, or imitates observed behavior rather than preserving unrealized branches.",The observed outcome is enough to supervise the model.,"Contact mode support, embodiment limits, and deployment perturbations.","Branch collapse, hidden-mode shift, and tail-risk planning failures.",Generic world models and generic uncertainty are crowded.,Object permanence under self occlusion keeps action-critical alternatives explicit until a physical observation collapses them.
50,arxiv:2407.06168v1,TARGO: Benchmarking Target-driven Object Grasping under Occlusions,2024,arXiv,http://arxiv.org/abs/2407.06168v1,Addresses robot scene memory and manipulation or a neighboring robotics mechanism.,"Prior work usually predicts, ranks, filters, or imitates observed behavior rather than preserving unrealized branches.",The observed outcome is enough to supervise the model.,"Contact mode support, embodiment limits, and deployment perturbations.","Branch collapse, hidden-mode shift, and tail-risk planning failures.",Generic world models and generic uncertainty are crowded.,Object permanence under self occlusion keeps action-critical alternatives explicit until a physical observation collapses them.
51,arxiv:2601.21282v1,WorldBench: Disambiguating Physics for Diagnostic Evaluation of World Models,2026,arXiv,http://arxiv.org/abs/2601.21282v1,Addresses robot scene memory and manipulation or a neighboring robotics mechanism.,"Prior work usually predicts, ranks, filters, or imitates observed behavior rather than preserving unrealized branches.",The observed outcome is enough to supervise the model.,"Contact mode support, embodiment limits, and deployment perturbations.","Branch collapse, hidden-mode shift, and tail-risk planning failures.",Generic world models and generic uncertainty are crowded.,Object permanence under self occlusion keeps action-critical alternatives explicit until a physical observation collapses them.
52,doi:10.3390/systems11070348,Failure Mode and Effect Analysis with a Fuzzy Logic Approach,2023,Systems,https://doi.org/10.3390/systems11070348,Addresses robot scene memory and manipulation or a neighboring robotics mechanism.,"Prior work usually predicts, ranks, filters, or imitates observed behavior rather than preserving unrealized branches.",The observed outcome is enough to supervise the model.,"Contact mode support, embodiment limits, and deployment perturbations.","Branch collapse, hidden-mode shift, and tail-risk planning failures.",Generic world models and generic uncertainty are crowded.,Object permanence under self occlusion keeps action-critical alternatives explicit until a physical observation collapses them.
53,arxiv:2605.08434v2,Failing Forward: Adaptive Failure-Informed Learning for Vision-Language-Action Models,2026,arXiv,http://arxiv.org/abs/2605.08434v2,Addresses robot scene memory and manipulation or a neighboring robotics mechanism.,"Prior work usually predicts, ranks, filters, or imitates observed behavior rather than preserving unrealized branches.",The observed outcome is enough to supervise the model.,"Contact mode support, embodiment limits, and deployment perturbations.","Branch collapse, hidden-mode shift, and tail-risk planning failures.",Generic world models and generic uncertainty are crowded.,Object permanence under self occlusion keeps action-critical alternatives explicit until a physical observation collapses them.
54,title:learning deep policies for physics based robotic manipulation in cluttered real world environments,Learning deep policies for physics-based robotic manipulation in cluttered real-world environments,2021,"White Rose eTheses Online (University of Leeds, The University of Sheffield, University of York)",https://openalex.org/W3180913742,Addresses robot scene memory and manipulation or a neighboring robotics mechanism.,"Prior work usually predicts, ranks, filters, or imitates observed behavior rather than preserving unrealized branches.",The observed outcome is enough to supervise the model.,"Contact mode support, embodiment limits, and deployment perturbations.","Branch collapse, hidden-mode shift, and tail-risk planning failures.",Generic world models and generic uncertainty are crowded.,Object permanence under self occlusion keeps action-critical alternatives explicit until a physical observation collapses them.
55,doi:10.1109/lra.2024.3441495,Language-Grounded Dynamic Scene Graphs for Interactive Object Search With Mobile Manipulation,2024,IEEE Robotics and Automation Letters,https://doi.org/10.1109/lra.2024.3441495,Addresses robot scene memory and manipulation or a neighboring robotics mechanism.,"Prior work usually predicts, ranks, filters, or imitates observed behavior rather than preserving unrealized branches.",The observed outcome is enough to supervise the model.,"Contact mode support, embodiment limits, and deployment perturbations.","Branch collapse, hidden-mode shift, and tail-risk planning failures.",Generic world models and generic uncertainty are crowded.,Object permanence under self occlusion keeps action-critical alternatives explicit until a physical observation collapses them.
56,doi:10.5194/se-11-899-2020,"Resolved stress analysis, failure mode, and fault-controlled fluid conduits",2020,Solid Earth,https://doi.org/10.5194/se-11-899-2020,Addresses robot scene memory and manipulation or a neighboring robotics mechanism.,"Prior work usually predicts, ranks, filters, or imitates observed behavior rather than preserving unrealized branches.",The observed outcome is enough to supervise the model.,"Contact mode support, embodiment limits, and deployment perturbations.","Branch collapse, hidden-mode shift, and tail-risk planning failures.",Generic world models and generic uncertainty are crowded.,Object permanence under self occlusion keeps action-critical alternatives explicit until a physical observation collapses them.
57,doi:10.15607/rss.2025.xxi.152,RoboMIND: Benchmark on Multi-embodiment Intelligence Normative Data for Robot Manipulation,2024,arXiv,http://arxiv.org/abs/2412.13877v3,Addresses robot scene memory and manipulation or a neighboring robotics mechanism.,"Prior work usually predicts, ranks, filters, or imitates observed behavior rather than preserving unrealized branches.",The observed outcome is enough to supervise the model.,"Contact mode support, embodiment limits, and deployment perturbations.","Branch collapse, hidden-mode shift, and tail-risk planning failures.",Generic world models and generic uncertainty are crowded.,Object permanence under self occlusion keeps action-critical alternatives explicit until a physical observation collapses them.
58,doi:10.1115/imece2010-40666,Failure-Mode Clustering for Electronics Under Shock and Vibration Using Neural-Net Based Self-Organized Maps,2010,Volume 4: Electronics and Photonics,https://doi.org/10.1115/imece2010-40666,Addresses robot scene memory and manipulation or a neighboring robotics mechanism.,"Prior work usually predicts, ranks, filters, or imitates observed behavior rather than preserving unrealized branches.",The observed outcome is enough to supervise the model.,"Contact mode support, embodiment limits, and deployment perturbations.","Branch collapse, hidden-mode shift, and tail-risk planning failures.",Generic world models and generic uncertainty are crowded.,Object permanence under self occlusion keeps action-critical alternatives explicit until a physical observation collapses them.
59,doi:10.11591/eei.v14i4.9487,Adaptive fuzzy sliding-mode control for robot manipulator with uncertain model and external disturbance,2025,Bulletin of Electrical Engineering and Informatics,https://doi.org/10.11591/eei.v14i4.9487,Addresses robot scene memory and manipulation or a neighboring robotics mechanism.,"Prior work usually predicts, ranks, filters, or imitates observed behavior rather than preserving unrealized branches.",The observed outcome is enough to supervise the model.,"Contact mode support, embodiment limits, and deployment perturbations.","Branch collapse, hidden-mode shift, and tail-risk planning failures.",Generic world models and generic uncertainty are crowded.,Object permanence under self occlusion keeps action-critical alternatives explicit until a physical observation collapses them.
60,doi:10.1177/00368504241286381,Sliding mode control with self-adaptive parameters of a 5-DOF hybrid robot,2024,Science Progress,https://doi.org/10.1177/00368504241286381,Addresses robot scene memory and manipulation or a neighboring robotics mechanism.,"Prior work usually predicts, ranks, filters, or imitates observed behavior rather than preserving unrealized branches.",The observed outcome is enough to supervise the model.,"Contact mode support, embodiment limits, and deployment perturbations.","Branch collapse, hidden-mode shift, and tail-risk planning failures.",Generic world models and generic uncertainty are crowded.,Object permanence under self occlusion keeps action-critical alternatives explicit until a physical observation collapses them.
61,doi:10.1109/cvpr52734.2025.02574,Object-Centric Prompt-Driven Vision-Language-Action Model for Robotic Manipulation,2025,2025 IEEE/CVF Conference on Computer Vision and Pattern Recognition (CVPR),https://doi.org/10.1109/cvpr52734.2025.02574,Addresses robot scene memory and manipulation or a neighboring robotics mechanism.,"Prior work usually predicts, ranks, filters, or imitates observed behavior rather than preserving unrealized branches.",The observed outcome is enough to supervise the model.,"Contact mode support, embodiment limits, and deployment perturbations.","Branch collapse, hidden-mode shift, and tail-risk planning failures.",Generic world models and generic uncertainty are crowded.,Object permanence under self occlusion keeps action-critical alternatives explicit until a physical observation collapses them.
62,doi:10.1177/1473095216688042,"Make kin, not cities! Multispecies entanglements and ‘becoming-world’ in planning theory",2018,Planning Theory,https://doi.org/10.1177/1473095216688042,Addresses robot scene memory and manipulation or a neighboring robotics mechanism.,"Prior work usually predicts, ranks, filters, or imitates observed behavior rather than preserving unrealized branches.",The observed outcome is enough to supervise the model.,"Contact mode support, embodiment limits, and deployment perturbations.","Branch collapse, hidden-mode shift, and tail-risk planning failures.",Generic world models and generic uncertainty are crowded.,Object permanence under self occlusion keeps action-critical alternatives explicit until a physical observation collapses them.
63,arxiv:2603.13756v1,Exploration-assisted Bottleneck Transition Toward Robust and Data-efficient Deformable Object Manipulation,2026,arXiv,http://arxiv.org/abs/2603.13756v1,Addresses robot scene memory and manipulation or a neighboring robotics mechanism.,"Prior work usually predicts, ranks, filters, or imitates observed behavior rather than preserving unrealized branches.",The observed outcome is enough to supervise the model.,"Contact mode support, embodiment limits, and deployment perturbations.","Branch collapse, hidden-mode shift, and tail-risk planning failures.",Generic world models and generic uncertainty are crowded.,Object permanence under self occlusion keeps action-critical alternatives explicit until a physical observation collapses them.
64,doi:10.1063/1.5024172,Failure mode maps of a hierarchical sandwich structure made of self-reinforced PET,2018,AIP Conference Proceedings,https://doi.org/10.1063/1.5024172,Addresses robot scene memory and manipulation or a neighboring robotics mechanism.,"Prior work usually predicts, ranks, filters, or imitates observed behavior rather than preserving unrealized branches.",The observed outcome is enough to supervise the model.,"Contact mode support, embodiment limits, and deployment perturbations.","Branch collapse, hidden-mode shift, and tail-risk planning failures.",Generic world models and generic uncertainty are crowded.,Object permanence under self occlusion keeps action-critical alternatives explicit until a physical observation collapses them.
65,doi:10.1109/icra46639.2022.9811817,Semantically Grounded Object Matching for Robust Robotic Scene Rearrangement,2022,2022 International Conference on Robotics and Automation (ICRA),https://doi.org/10.1109/icra46639.2022.9811817,Addresses robot scene memory and manipulation or a neighboring robotics mechanism.,"Prior work usually predicts, ranks, filters, or imitates observed behavior rather than preserving unrealized branches.",The observed outcome is enough to supervise the model.,"Contact mode support, embodiment limits, and deployment perturbations.","Branch collapse, hidden-mode shift, and tail-risk planning failures.",Generic world models and generic uncertainty are crowded.,Object permanence under self occlusion keeps action-critical alternatives explicit until a physical observation collapses them.
66,doi:10.3390/fi12110205,Failure Mode and Effect Analysis for Cyber-Physical Systems,2020,Future Internet,https://doi.org/10.3390/fi12110205,Addresses robot scene memory and manipulation or a neighboring robotics mechanism.,"Prior work usually predicts, ranks, filters, or imitates observed behavior rather than preserving unrealized branches.",The observed outcome is enough to supervise the model.,"Contact mode support, embodiment limits, and deployment perturbations.","Branch collapse, hidden-mode shift, and tail-risk planning failures.",Generic world models and generic uncertainty are crowded.,Object permanence under self occlusion keeps action-critical alternatives explicit until a physical observation collapses them.
67,doi:10.1109/icra40945.2020.9196714,Self-supervised 6D Object Pose Estimation for Robot Manipulation,2020,2020 IEEE International Conference on Robotics and Automation (ICRA),https://doi.org/10.1109/icra40945.2020.9196714,Addresses robot scene memory and manipulation or a neighboring robotics mechanism.,"Prior work usually predicts, ranks, filters, or imitates observed behavior rather than preserving unrealized branches.",The observed outcome is enough to supervise the model.,"Contact mode support, embodiment limits, and deployment perturbations.","Branch collapse, hidden-mode shift, and tail-risk planning failures.",Generic world models and generic uncertainty are crowded.,Object permanence under self occlusion keeps action-critical alternatives explicit until a physical observation collapses them.
68,arxiv:2511.05397v1,EveryDayVLA: A Vision-Language-Action Model for Affordable Robotic Manipulation,2025,arXiv,http://arxiv.org/abs/2511.05397v1,Addresses robot scene memory and manipulation or a neighboring robotics mechanism.,"Prior work usually predicts, ranks, filters, or imitates observed behavior rather than preserving unrealized branches.",The observed outcome is enough to supervise the model.,"Contact mode support, embodiment limits, and deployment perturbations.","Branch collapse, hidden-mode shift, and tail-risk planning failures.",Generic world models and generic uncertainty are crowded.,Object permanence under self occlusion keeps action-critical alternatives explicit until a physical observation collapses them.
69,doi:10.1038/s41598-020-78503-y,Failure mechanism of TRSS mode in landslides induced by earthquake,2020,Scientific Reports,https://doi.org/10.1038/s41598-020-78503-y,Addresses robot scene memory and manipulation or a neighboring robotics mechanism.,"Prior work usually predicts, ranks, filters, or imitates observed behavior rather than preserving unrealized branches.",The observed outcome is enough to supervise the model.,"Contact mode support, embodiment limits, and deployment perturbations.","Branch collapse, hidden-mode shift, and tail-risk planning failures.",Generic world models and generic uncertainty are crowded.,Object permanence under self occlusion keeps action-critical alternatives explicit until a physical observation collapses them.
70,doi:10.1108/02656719610108297,A revised failure mode and effects analysis model,1996,International Journal of Quality & Reliability Management,https://doi.org/10.1108/02656719610108297,Addresses robot scene memory and manipulation or a neighboring robotics mechanism.,"Prior work usually predicts, ranks, filters, or imitates observed behavior rather than preserving unrealized branches.",The observed outcome is enough to supervise the model.,"Contact mode support, embodiment limits, and deployment perturbations.","Branch collapse, hidden-mode shift, and tail-risk planning failures.",Generic world models and generic uncertainty are crowded.,Object permanence under self occlusion keeps action-critical alternatives explicit until a physical observation collapses them.
71,doi:10.3390/electronics14132692,Modified Dual Hierarchical Terminal Sliding Mode Control Design for Two-Wheeled Self-Balancing Robot,2025,Electronics,https://doi.org/10.3390/electronics14132692,Addresses robot scene memory and manipulation or a neighboring robotics mechanism.,"Prior work usually predicts, ranks, filters, or imitates observed behavior rather than preserving unrealized branches.",The observed outcome is enough to supervise the model.,"Contact mode support, embodiment limits, and deployment perturbations.","Branch collapse, hidden-mode shift, and tail-risk planning failures.",Generic world models and generic uncertainty are crowded.,Object permanence under self occlusion keeps action-critical alternatives explicit until a physical observation collapses them.
72,doi:10.4271/2023-36-0013,Big Data and Telemetry Data Methodology for Usage Failure Mode Detection,2024,SAE Technical Paper Series,https://doi.org/10.4271/2023-36-0013,Addresses robot scene memory and manipulation or a neighboring robotics mechanism.,"Prior work usually predicts, ranks, filters, or imitates observed behavior rather than preserving unrealized branches.",The observed outcome is enough to supervise the model.,"Contact mode support, embodiment limits, and deployment perturbations.","Branch collapse, hidden-mode shift, and tail-risk planning failures.",Generic world models and generic uncertainty are crowded.,Object permanence under self occlusion keeps action-critical alternatives explicit until a physical observation collapses them.
73,doi:10.3390/e25050757,Failure Mode and Effects Analysis on the Air System of an Aero Turbofan Engine Using the Gaussian Model and Evidence Theory,2023,Entropy,https://doi.org/10.3390/e25050757,Addresses robot scene memory and manipulation or a neighboring robotics mechanism.,"Prior work usually predicts, ranks, filters, or imitates observed behavior rather than preserving unrealized branches.",The observed outcome is enough to supervise the model.,"Contact mode support, embodiment limits, and deployment perturbations.","Branch collapse, hidden-mode shift, and tail-risk planning failures.",Generic world models and generic uncertainty are crowded.,Object permanence under self occlusion keeps action-critical alternatives explicit until a physical observation collapses them.
74,doi:10.3233/jifs-191398,A novel risk assessment model based on failure mode and effect analysis and probabilistic linguistic ELECTRE II method,2020,Journal of Intelligent & Fuzzy Systems,https://doi.org/10.3233/jifs-191398,Addresses robot scene memory and manipulation or a neighboring robotics mechanism.,"Prior work usually predicts, ranks, filters, or imitates observed behavior rather than preserving unrealized branches.",The observed outcome is enough to supervise the model.,"Contact mode support, embodiment limits, and deployment perturbations.","Branch collapse, hidden-mode shift, and tail-risk planning failures.",Generic world models and generic uncertainty are crowded.,Object permanence under self occlusion keeps action-critical alternatives explicit until a physical observation collapses them.
75,arxiv:2406.07706v1,Object-level Scene Deocclusion,2024,arXiv,http://arxiv.org/abs/2406.07706v1,Addresses robot scene memory and manipulation or a neighboring robotics mechanism.,"Prior work usually predicts, ranks, filters, or imitates observed behavior rather than preserving unrealized branches.",The observed outcome is enough to supervise the model.,"Contact mode support, embodiment limits, and deployment perturbations.","Branch collapse, hidden-mode shift, and tail-risk planning failures.",Generic world models and generic uncertainty are crowded.,Object permanence under self occlusion keeps action-critical alternatives explicit until a physical observation collapses them.
76,doi:10.1609/aaai.v39i25.34866,Self-Correcting Robot Manipulation via Gaussian-Splatted Foresight,2025,Proceedings of the AAAI Conference on Artificial Intelligence,https://doi.org/10.1609/aaai.v39i25.34866,Addresses robot scene memory and manipulation or a neighboring robotics mechanism.,"Prior work usually predicts, ranks, filters, or imitates observed behavior rather than preserving unrealized branches.",The observed outcome is enough to supervise the model.,"Contact mode support, embodiment limits, and deployment perturbations.","Branch collapse, hidden-mode shift, and tail-risk planning failures.",Generic world models and generic uncertainty are crowded.,Object permanence under self occlusion keeps action-critical alternatives explicit until a physical observation collapses them.
77,doi:10.4271/952300,Applications of Structured Failure Mode and Effect Analysis in Organizational Changes Inplementation,1995,SAE Technical Paper Series,https://doi.org/10.4271/952300,Addresses robot scene memory and manipulation or a neighboring robotics mechanism.,"Prior work usually predicts, ranks, filters, or imitates observed behavior rather than preserving unrealized branches.",The observed outcome is enough to supervise the model.,"Contact mode support, embodiment limits, and deployment perturbations.","Branch collapse, hidden-mode shift, and tail-risk planning failures.",Generic world models and generic uncertainty are crowded.,Object permanence under self occlusion keeps action-critical alternatives explicit until a physical observation collapses them.
78,arxiv:2402.19294v1,Degradation Modeling and Prognostic Analysis Under Unknown Failure Modes,2024,arXiv,http://arxiv.org/abs/2402.19294v1,Addresses robot scene memory and manipulation or a neighboring robotics mechanism.,"Prior work usually predicts, ranks, filters, or imitates observed behavior rather than preserving unrealized branches.",The observed outcome is enough to supervise the model.,"Contact mode support, embodiment limits, and deployment perturbations.","Branch collapse, hidden-mode shift, and tail-risk planning failures.",Generic world models and generic uncertainty are crowded.,Object permanence under self occlusion keeps action-critical alternatives explicit until a physical observation collapses them.
79,doi:10.11648/j.mcs.20261102.11,Structural Failure Mode Analysis of the Binary Goldbach Conjecture,2026,Mathematics and Computer Science,https://doi.org/10.11648/j.mcs.20261102.11,Addresses robot scene memory and manipulation or a neighboring robotics mechanism.,"Prior work usually predicts, ranks, filters, or imitates observed behavior rather than preserving unrealized branches.",The observed outcome is enough to supervise the model.,"Contact mode support, embodiment limits, and deployment perturbations.","Branch collapse, hidden-mode shift, and tail-risk planning failures.",Generic world models and generic uncertainty are crowded.,Object permanence under self occlusion keeps action-critical alternatives explicit until a physical observation collapses them.
80,doi:10.3390/robotics15010022,Vision-Guided Grasp Planning for Prosthetic Hands with AABB-Based Object Representation,2026,Robotics,https://doi.org/10.3390/robotics15010022,Addresses robot scene memory and manipulation or a neighboring robotics mechanism.,"Prior work usually predicts, ranks, filters, or imitates observed behavior rather than preserving unrealized branches.",The observed outcome is enough to supervise the model.,"Contact mode support, embodiment limits, and deployment perturbations.","Branch collapse, hidden-mode shift, and tail-risk planning failures.",Generic world models and generic uncertainty are crowded.,Object permanence under self occlusion keeps action-critical alternatives explicit until a physical observation collapses them.
81,doi:10.1016/j.patcog.2024.110576,OA-Pose: Occlusion-aware monocular 6-DoF object pose estimation under geometry alignment for robot manipulation,2024,Pattern Recognition,https://doi.org/10.1016/j.patcog.2024.110576,Addresses robot scene memory and manipulation or a neighboring robotics mechanism.,"Prior work usually predicts, ranks, filters, or imitates observed behavior rather than preserving unrealized branches.",The observed outcome is enough to supervise the model.,"Contact mode support, embodiment limits, and deployment perturbations.","Branch collapse, hidden-mode shift, and tail-risk planning failures.",Generic world models and generic uncertainty are crowded.,Object permanence under self occlusion keeps action-critical alternatives explicit until a physical observation collapses them.
82,doi:10.15240/tul/001/2025-4-006,Promoting reverse logistics decisions using a new hybrid model based on deep learning and failure mode and effects analysis approaches,2025,E+M Ekonomie a Management,https://doi.org/10.15240/tul/001/2025-4-006,Addresses robot scene memory and manipulation or a neighboring robotics mechanism.,"Prior work usually predicts, ranks, filters, or imitates observed behavior rather than preserving unrealized branches.",The observed outcome is enough to supervise the model.,"Contact mode support, embodiment limits, and deployment perturbations.","Branch collapse, hidden-mode shift, and tail-risk planning failures.",Generic world models and generic uncertainty are crowded.,Object permanence under self occlusion keeps action-critical alternatives explicit until a physical observation collapses them.
83,doi:10.3390/e28030360,Failure Mode and Effect Analysis Using Large-Scale Group Decision Making and Normal Cloud Model,2026,Entropy,https://doi.org/10.3390/e28030360,Addresses robot scene memory and manipulation or a neighboring robotics mechanism.,"Prior work usually predicts, ranks, filters, or imitates observed behavior rather than preserving unrealized branches.",The observed outcome is enough to supervise the model.,"Contact mode support, embodiment limits, and deployment perturbations.","Branch collapse, hidden-mode shift, and tail-risk planning failures.",Generic world models and generic uncertainty are crowded.,Object permanence under self occlusion keeps action-critical alternatives explicit until a physical observation collapses them.
84,arxiv:2409.12514v5,"TinyVLA: Towards Fast, Data-Efficient Vision-Language-Action Models for Robotic Manipulation",2024,arXiv,http://arxiv.org/abs/2409.12514v5,Addresses robot scene memory and manipulation or a neighboring robotics mechanism.,"Prior work usually predicts, ranks, filters, or imitates observed behavior rather than preserving unrealized branches.",The observed outcome is enough to supervise the model.,"Contact mode support, embodiment limits, and deployment perturbations.","Branch collapse, hidden-mode shift, and tail-risk planning failures.",Generic world models and generic uncertainty are crowded.,Object permanence under self occlusion keeps action-critical alternatives explicit until a physical observation collapses them.
85,doi:10.1609/aaai.v35i3.16368,Object-Centric Image Generation from Layouts,2021,Proceedings of the AAAI Conference on Artificial Intelligence,https://doi.org/10.1609/aaai.v35i3.16368,Addresses robot scene memory and manipulation or a neighboring robotics mechanism.,"Prior work usually predicts, ranks, filters, or imitates observed behavior rather than preserving unrealized branches.",The observed outcome is enough to supervise the model.,"Contact mode support, embodiment limits, and deployment perturbations.","Branch collapse, hidden-mode shift, and tail-risk planning failures.",Generic world models and generic uncertainty are crowded.,Object permanence under self occlusion keeps action-critical alternatives explicit until a physical observation collapses them.
86,doi:10.36306/konjes.1425949,TRAJECTORY TRACKING CONTROL OF A TWO WHEELED SELF-BALANCING ROBOT BY USING SLIDING MODE CONTROL,2024,Konya Journal of Engineering Sciences,https://doi.org/10.36306/konjes.1425949,Addresses robot scene memory and manipulation or a neighboring robotics mechanism.,"Prior work usually predicts, ranks, filters, or imitates observed behavior rather than preserving unrealized branches.",The observed outcome is enough to supervise the model.,"Contact mode support, embodiment limits, and deployment perturbations.","Branch collapse, hidden-mode shift, and tail-risk planning failures.",Generic world models and generic uncertainty are crowded.,Object permanence under self occlusion keeps action-critical alternatives explicit until a physical observation collapses them.
87,arxiv:2506.23919v3,Goal-VLA: Image-Generative VLMs as Object-Centric World Models Empowering Zero-shot Robot Manipulation,2025,arXiv,http://arxiv.org/abs/2506.23919v3,Addresses robot scene memory and manipulation or a neighboring robotics mechanism.,"Prior work usually predicts, ranks, filters, or imitates observed behavior rather than preserving unrealized branches.",The observed outcome is enough to supervise the model.,"Contact mode support, embodiment limits, and deployment perturbations.","Branch collapse, hidden-mode shift, and tail-risk planning failures.",Generic world models and generic uncertainty are crowded.,Object permanence under self occlusion keeps action-critical alternatives explicit until a physical observation collapses them.
88,arxiv:2508.07770v2,AgentWorld: An Interactive Simulation Platform for Scene Construction and Mobile Robotic Manipulation,2025,arXiv,http://arxiv.org/abs/2508.07770v2,Addresses robot scene memory and manipulation or a neighboring robotics mechanism.,"Prior work usually predicts, ranks, filters, or imitates observed behavior rather than preserving unrealized branches.",The observed outcome is enough to supervise the model.,"Contact mode support, embodiment limits, and deployment perturbations.","Branch collapse, hidden-mode shift, and tail-risk planning failures.",Generic world models and generic uncertainty are crowded.,Object permanence under self occlusion keeps action-critical alternatives explicit until a physical observation collapses them.
89,arxiv:2509.12379v1,Geometric Red-Teaming for Robotic Manipulation,2025,arXiv,http://arxiv.org/abs/2509.12379v1,Addresses robot scene memory and manipulation or a neighboring robotics mechanism.,"Prior work usually predicts, ranks, filters, or imitates observed behavior rather than preserving unrealized branches.",The observed outcome is enough to supervise the model.,"Contact mode support, embodiment limits, and deployment perturbations.","Branch collapse, hidden-mode shift, and tail-risk planning failures.",Generic world models and generic uncertainty are crowded.,Object permanence under self occlusion keeps action-critical alternatives explicit until a physical observation collapses them.
90,arxiv:2002.04242v3,An Attention Transfer Model for Human-Assisted Failure Avoidance in Robot Manipulations,2020,arXiv,http://arxiv.org/abs/2002.04242v3,Addresses robot scene memory and manipulation or a neighboring robotics mechanism.,"Prior work usually predicts, ranks, filters, or imitates observed behavior rather than preserving unrealized branches.",The observed outcome is enough to supervise the model.,"Contact mode support, embodiment limits, and deployment perturbations.","Branch collapse, hidden-mode shift, and tail-risk planning failures.",Generic world models and generic uncertainty are crowded.,Object permanence under self occlusion keeps action-critical alternatives explicit until a physical observation collapses them.
91,arxiv:2311.16737v2,Point'n Move: Interactive Scene Object Manipulation on Gaussian Splatting Radiance Fields,2023,arXiv,http://arxiv.org/abs/2311.16737v2,Addresses robot scene memory and manipulation or a neighboring robotics mechanism.,"Prior work usually predicts, ranks, filters, or imitates observed behavior rather than preserving unrealized branches.",The observed outcome is enough to supervise the model.,"Contact mode support, embodiment limits, and deployment perturbations.","Branch collapse, hidden-mode shift, and tail-risk planning failures.",Generic world models and generic uncertainty are crowded.,Object permanence under self occlusion keeps action-critical alternatives explicit until a physical observation collapses them.
92,doi:10.3390/pr12061197,Probabilistic Fuzzy System for Evaluation and Classification in Failure Mode and Effect Analysis,2024,Processes,https://doi.org/10.3390/pr12061197,Addresses robot scene memory and manipulation or a neighboring robotics mechanism.,"Prior work usually predicts, ranks, filters, or imitates observed behavior rather than preserving unrealized branches.",The observed outcome is enough to supervise the model.,"Contact mode support, embodiment limits, and deployment perturbations.","Branch collapse, hidden-mode shift, and tail-risk planning failures.",Generic world models and generic uncertainty are crowded.,Object permanence under self occlusion keeps action-critical alternatives explicit until a physical observation collapses them.
93,doi:10.1016/j.robot.2005.03.011,Vision for robotic object manipulation in domestic settings,2005,Robotics and Autonomous Systems,https://doi.org/10.1016/j.robot.2005.03.011,Addresses robot scene memory and manipulation or a neighboring robotics mechanism.,"Prior work usually predicts, ranks, filters, or imitates observed behavior rather than preserving unrealized branches.",The observed outcome is enough to supervise the model.,"Contact mode support, embodiment limits, and deployment perturbations.","Branch collapse, hidden-mode shift, and tail-risk planning failures.",Generic world models and generic uncertainty are crowded.,Object permanence under self occlusion keeps action-critical alternatives explicit until a physical observation collapses them.
94,arxiv:1909.10159v2,Self-supervised 6D Object Pose Estimation for Robot Manipulation,2019,arXiv,http://arxiv.org/abs/1909.10159v2,Addresses robot scene memory and manipulation or a neighboring robotics mechanism.,"Prior work usually predicts, ranks, filters, or imitates observed behavior rather than preserving unrealized branches.",The observed outcome is enough to supervise the model.,"Contact mode support, embodiment limits, and deployment perturbations.","Branch collapse, hidden-mode shift, and tail-risk planning failures.",Generic world models and generic uncertainty are crowded.,Object permanence under self occlusion keeps action-critical alternatives explicit until a physical observation collapses them.
95,doi:10.1609/aaai.v40i9.37626,Improving Batch Normalization with Test-Time Adaptation for Robust Object Detection in Self-Driving,2026,Proceedings of the AAAI Conference on Artificial Intelligence,https://doi.org/10.1609/aaai.v40i9.37626,Addresses robot scene memory and manipulation or a neighboring robotics mechanism.,"Prior work usually predicts, ranks, filters, or imitates observed behavior rather than preserving unrealized branches.",The observed outcome is enough to supervise the model.,"Contact mode support, embodiment limits, and deployment perturbations.","Branch collapse, hidden-mode shift, and tail-risk planning failures.",Generic world models and generic uncertainty are crowded.,Object permanence under self occlusion keeps action-critical alternatives explicit until a physical observation collapses them.
96,doi:10.5753/sibgrapi.est.2025.38266,Self-supervised learning for fully unsupervised re-identification in real-world applications,2025,"Anais Estendidos da XXXVIII Conference on Graphics, Patterns and Images (SIBGRAPI 2025)",https://doi.org/10.5753/sibgrapi.est.2025.38266,Addresses robot scene memory and manipulation or a neighboring robotics mechanism.,"Prior work usually predicts, ranks, filters, or imitates observed behavior rather than preserving unrealized branches.",The observed outcome is enough to supervise the model.,"Contact mode support, embodiment limits, and deployment perturbations.","Branch collapse, hidden-mode shift, and tail-risk planning failures.",Generic world models and generic uncertainty are crowded.,Object permanence under self occlusion keeps action-critical alternatives explicit until a physical observation collapses them.
97,doi:10.31399/asm.cp.istfa2000p0247,Identification and Analysis of Parasitic Depletion Mode Leakage in a Memory Select Transistor,2000,International Symposium for Testing and Failure Analysis ISTFA 2000: Conference Proceedings from the 26th International Symposium for Testing and Failure Analysis,https://doi.org/10.31399/asm.cp.istfa2000p0247,Addresses robot scene memory and manipulation or a neighboring robotics mechanism.,"Prior work usually predicts, ranks, filters, or imitates observed behavior rather than preserving unrealized branches.",The observed outcome is enough to supervise the model.,"Contact mode support, embodiment limits, and deployment perturbations.","Branch collapse, hidden-mode shift, and tail-risk planning failures.",Generic world models and generic uncertainty are crowded.,Object permanence under self occlusion keeps action-critical alternatives explicit until a physical observation collapses them.
98,doi:10.1177/21695172261439479,HyReach: Vision-Guided Hybrid Manipulator Reaching in Cluttered Unseen Environments,2026,Soft Robotics,https://doi.org/10.1177/21695172261439479,Addresses robot scene memory and manipulation or a neighboring robotics mechanism.,"Prior work usually predicts, ranks, filters, or imitates observed behavior rather than preserving unrealized branches.",The observed outcome is enough to supervise the model.,"Contact mode support, embodiment limits, and deployment perturbations.","Branch collapse, hidden-mode shift, and tail-risk planning failures.",Generic world models and generic uncertainty are crowded.,Object permanence under self occlusion keeps action-critical alternatives explicit until a physical observation collapses them.
99,doi:10.18466/cbayarfbe.1738853,Comparative Analysis of PID and Sliding Mode Control for a 3-DoF RRR Robot Arm,2025,Celal Bayar Üniversitesi Fen Bilimleri Dergisi,https://doi.org/10.18466/cbayarfbe.1738853,Addresses robot scene memory and manipulation or a neighboring robotics mechanism.,"Prior work usually predicts, ranks, filters, or imitates observed behavior rather than preserving unrealized branches.",The observed outcome is enough to supervise the model.,"Contact mode support, embodiment limits, and deployment perturbations.","Branch collapse, hidden-mode shift, and tail-risk planning failures.",Generic world models and generic uncertainty are crowded.,Object permanence under self occlusion keeps action-critical alternatives explicit until a physical observation collapses them.
100,doi:10.3362/1756-3488.19-00006,The Swiss cheese failure model of self-supply hand-dug wells in developing nations: review and implications for water safety planning,2020,Waterlines,https://doi.org/10.3362/1756-3488.19-00006,Addresses robot scene memory and manipulation or a neighboring robotics mechanism.,"Prior work usually predicts, ranks, filters, or imitates observed behavior rather than preserving unrealized branches.",The observed outcome is enough to supervise the model.,"Contact mode support, embodiment limits, and deployment perturbations.","Branch collapse, hidden-mode shift, and tail-risk planning failures.",Generic world models and generic uncertainty are crowded.,Object permanence under self occlusion keeps action-critical alternatives explicit until a physical observation collapses them.
